<?xml version="1.0" encoding="utf-8"?>
<project xmlns:sln="http://freescale.com/ns/beekit/solution" xmlns:tools="http://freescale.com/ns/beekit/tools" xmlns:mac="http://freescale.com/ns/beekit/mac" xmlns:plm="http://freescale.com/ns/beekit/plm" xmlns:ssm="http://freescale.com/ns/beekit/ssm">
  <fileVersion>1</fileVersion>
  <configuration>
    <name>Debug</name>
    <toolchain>
      <name>ARM</name>
    </toolchain>
    <debug>1</debug>
    <settings>
      <name>General</name>
      <archiveVersion>3</archiveVersion>
      <data>
        <version>17</version>
        <wantNonLocal>1</wantNonLocal>
        <debug>1</debug>
        <option>
          <name>ExePath</name>
          <state>Debug\Exe</state>
        </option>
        <option>
          <name>ObjPath</name>
          <state>Debug\Obj</state>
        </option>
        <option>
          <name>ListPath</name>
          <state>Debug\List</state>
        </option>
        <option>
          <name>Variant</name>
          <version>11</version>
          <state>1</state>
        </option>
        <option>
          <name>GEndianMode</name>
          <state>0</state>
        </option>
        <option>
          <name>Input variant</name>
          <version>1</version>
          <state>3</state>
        </option>
        <option>
          <name>Input description</name>
          <state>No specifier n, no float nor long long, no scan set, no assignment suppressing.</state>
        </option>
        <option>
          <name>Output variant</name>
          <version>0</version>
          <state>3</state>
        </option>
        <option>
          <name>Output description</name>
          <state>No specifier a, A, no specifier n, no float nor long long, no flags.</state>
        </option>
        <option>
          <name>GOutputBinary</name>
          <state>0</state>
        </option>
        <option>
          <name>FPU</name>
          <version>0</version>
          <state>0</state>
        </option>
        <option>
          <name>OGCoreOrChip</name>
          <state>0</state>
        </option>
        <option>
          <name>GRuntimeLibSelect</name>
          <version>0</version>
          <state>1</state>
        </option>
        <option>
          <name>GRuntimeLibSelectSlave</name>
          <version>0</version>
          <state>1</state>
        </option>
        <option>
          <name>RTDescription</name>
          <state>Use the normal configuration of the C/C++ runtime library. No locale interface, C locale, no file descriptor support, no multibytes in printf and scanf, and no hex floats in strtod.</state>
        </option>
        <option>
          <name>RTConfigPath</name>
          <state>$TOOLKIT_DIR$\INC\DLib_Config_Normal.h</state>
        </option>
        <option>
          <name>OGProductVersion</name>
          <state>5.10.5.376</state>
        </option>
        <option>
          <name>OGLastSavedByProductVersion</name>
          <state>5.11.0.50615</state>
        </option>
        <option>
          <name>GeneralEnableMisra</name>
          <state>0</state>
        </option>
        <option>
          <name>GeneralMisraVerbose</name>
          <state>0</state>
        </option>
        <option>
          <name>OGChipSelectEditMenu</name>
          <state>MC1322x	Freescale MC1322x</state>
        </option>
        <option>
          <name>GenLowLevelInterface</name>
          <state>0</state>
        </option>
        <option>
          <name>GEndianModeBE</name>
          <state>0</state>
        </option>
        <option>
          <name>OGBufferedTerminalOutput</name>
          <state>0</state>
        </option>
        <option>
          <name>GenStdoutInterface</name>
          <state>0</state>
        </option>
        <option>
          <name>GeneralMisraRules98</name>
          <version>0</version>
          <state>1000111110110101101110011100111111101110011011000101110111101101100111111111111100110011111001110111001111111111111111111111111</state>
        </option>
        <option>
          <name>GeneralMisraVer</name>
          <state>0</state>
        </option>
        <option>
          <name>GeneralMisraRules04</name>
          <version>0</version>
          <state>111101110010111111111000110111111111111111111111111110010111101111010101111111111111111111111111101111111011111001111011111011111111111111111</state>
        </option>
      </data>
    </settings>
    <settings>
      <name>ICCARM</name>
      <archiveVersion>2</archiveVersion>
      <data>
        <version>21</version>
        <wantNonLocal>1</wantNonLocal>
        <debug>1</debug>
        <option>
          <name>CCDefines</name>
          <state>gMacStandAlone_d=1</state>
          <state>gSAPMessagesEnableLlc_d=0</state>
          <state>gZtcIncluded_d=0</state>
          <state>gTargetMC1322xSRB=1</state>
          <state />
        </option>
        <option>
          <name>CCPreprocFile</name>
          <state>1</state>
        </option>
        <option>
          <name>CCPreprocComments</name>
          <state>0</state>
        </option>
        <option>
          <name>CCPreprocLine</name>
          <state>0</state>
        </option>
        <option>
          <name>CCListCFile</name>
          <state>1</state>
        </option>
        <option>
          <name>CCListCMnemonics</name>
          <state>1</state>
        </option>
        <option>
          <name>CCListCMessages</name>
          <state>1</state>
        </option>
        <option>
          <name>CCListAssFile</name>
          <state>1</state>
        </option>
        <option>
          <name>CCListAssSource</name>
          <state>1</state>
        </option>
        <option>
          <name>CCEnableRemarks</name>
          <state>0</state>
        </option>
        <option>
          <name>CCDiagSuppress</name>
          <state>Pe014,Pe001,Pe991,Pa039,Pe520</state>
        </option>
        <option>
          <name>CCDiagRemark</name>
          <state />
        </option>
        <option>
          <name>CCDiagWarning</name>
          <state />
        </option>
        <option>
          <name>CCDiagError</name>
          <state />
        </option>
        <option>
          <name>CCObjPrefix</name>
          <state>1</state>
        </option>
        <option>
          <name>CCAllowList</name>
          <version>1</version>
          <state>0000000</state>
        </option>
        <option>
          <name>CCDebugInfo</name>
          <state>1</state>
        </option>
        <option>
          <name>IEndianMode</name>
          <state>1</state>
        </option>
        <option>
          <name>IProcessor</name>
          <state>1</state>
        </option>
        <option>
          <name>IExtraOptionsCheck</name>
          <state>0</state>
        </option>
        <option>
          <name>IExtraOptions</name>
          <state />
        </option>
        <option>
          <name>CCLangConformance</name>
          <state>1</state>
        </option>
        <option>
          <name>CCSignedPlainChar</name>
          <state>1</state>
        </option>
        <option>
          <name>CCRequirePrototypes</name>
          <state>0</state>
        </option>
        <option>
          <name>CCMultibyteSupport</name>
          <state>0</state>
        </option>
        <option>
          <name>CCDiagWarnAreErr</name>
          <state>0</state>
        </option>
        <option>
          <name>CCCompilerRuntimeInfo</name>
          <state>0</state>
        </option>
        <option>
          <name>IFpuProcessor</name>
          <state>1</state>
        </option>
        <option>
          <name>OutputFile</name>
          <state>$FILE_BNAME$.o</state>
        </option>
        <option>
          <name>CCLangSelect</name>
          <state>0</state>
        </option>
        <option>
          <name>CCLibConfigHeader</name>
          <state>1</state>
        </option>
        <option>
          <name>PreInclude</name>
          <state />
        </option>
        <option>
          <name>CompilerMisraOverride</name>
          <state>0</state>
        </option>
        <option>
          <name>CCIncludePath2</name>
          <state>$PROJ_DIR$\MacPhy\Interface\</state>
          <state>$PROJ_DIR$\Application\Init\</state>
          <state>$PROJ_DIR$\Application\Interface\</state>
          <state>$PROJ_DIR$\Application\Configure\</state>
          <state>$PROJ_DIR$\Application\UartUtil\</state>
          <state>$PROJ_DIR$\Application\Source\</state>
          <state>$PROJ_DIR$\SSM\TS\Interface\</state>
          <state>$PROJ_DIR$\SSM\TS\Source\</state>
          <state>$PROJ_DIR$\SSM\ZTC\Interface\</state>
          <state>$PROJ_DIR$\SSM\ZTC\Source\</state>
          <state>$PROJ_DIR$\PLM\Interface\</state>
          <state>$PROJ_DIR$\PLM\LibInterface\</state>
          <state>$PROJ_DIR$\PLM\Source\Display\</state>
          <state>$PROJ_DIR$\PLM\Source\Keyboard\</state>
          <state>$PROJ_DIR$\PLM\Source\NVM\</state>
          <state>$PROJ_DIR$\PLM\Source\TMR\</state>
          <state>$PROJ_DIR$\PLM\Source\UART\</state>
        </option>
        <option>
          <name>CCStdIncCheck</name>
          <state>0</state>
        </option>
        <option>
          <name>CCStdIncludePath</name>
          <state>$TOOLKIT_DIR$\INC\</state>
        </option>
        <option>
          <name>CCCodeSection</name>
          <state>.text</state>
        </option>
        <option>
          <name>IInterwork2</name>
          <state>1</state>
        </option>
        <option>
          <name>IProcessorMode2</name>
          <state>1</state>
        </option>
        <option>
          <name>CCOptLevel</name>
          <state>0</state>
        </option>
        <option>
          <name>CCOptStrategy</name>
          <version>0</version>
          <state>0</state>
        </option>
        <option>
          <name>CCOptLevelSlave</name>
          <state>0</state>
        </option>
        <option>
          <name>CompilerMisraRules98</name>
          <version>0</version>
          <state>1000111110110101101110011100111111101110011011000101110111101101100111111111111100110011111001110111001111111111111111111111111</state>
        </option>
        <option>
          <name>CompilerMisraRules04</name>
          <version>0</version>
          <state>111101110010111111111000110111111111111111111111111110010111101111010101111111111111111111111111101111111011111001111011111011111111111111111</state>
        </option>
      </data>
    </settings>
    <settings>
      <name>AARM</name>
      <archiveVersion>2</archiveVersion>
      <data>
        <version>7</version>
        <wantNonLocal>1</wantNonLocal>
        <debug>1</debug>
        <option>
          <name>AObjPrefix</name>
          <state>1</state>
        </option>
        <option>
          <name>AEndian</name>
          <state>1</state>
        </option>
        <option>
          <name>ACaseSensitivity</name>
          <state>1</state>
        </option>
        <option>
          <name>MacroChars</name>
          <version>0</version>
          <state>0</state>
        </option>
        <option>
          <name>AWarnEnable</name>
          <state>0</state>
        </option>
        <option>
          <name>AWarnWhat</name>
          <state>0</state>
        </option>
        <option>
          <name>AWarnOne</name>
          <state />
        </option>
        <option>
          <name>AWarnRange1</name>
          <state />
        </option>
        <option>
          <name>AWarnRange2</name>
          <state />
        </option>
        <option>
          <name>ADebug</name>
          <state>1</state>
        </option>
        <option>
          <name>AltRegisterNames</name>
          <state>0</state>
        </option>
        <option>
          <name>ADefines</name>
          <state>USE_INTERRUPTS</state>
          <state>USE_EXCEPTIONS</state>
        </option>
        <option>
          <name>AList</name>
          <state>1</state>
        </option>
        <option>
          <name>AListHeader</name>
          <state>1</state>
        </option>
        <option>
          <name>AListing</name>
          <state>1</state>
        </option>
        <option>
          <name>Includes</name>
          <state>1</state>
        </option>
        <option>
          <name>MacDefs</name>
          <state>1</state>
        </option>
        <option>
          <name>MacExps</name>
          <state>1</state>
        </option>
        <option>
          <name>MacExec</name>
          <state>1</state>
        </option>
        <option>
          <name>OnlyAssed</name>
          <state>1</state>
        </option>
        <option>
          <name>MultiLine</name>
          <state>1</state>
        </option>
        <option>
          <name>PageLengthCheck</name>
          <state>0</state>
        </option>
        <option>
          <name>PageLength</name>
          <state>80</state>
        </option>
        <option>
          <name>TabSpacing</name>
          <state>8</state>
        </option>
        <option>
          <name>AXRef</name>
          <state>0</state>
        </option>
        <option>
          <name>AXRefDefines</name>
          <state>0</state>
        </option>
        <option>
          <name>AXRefInternal</name>
          <state>0</state>
        </option>
        <option>
          <name>AXRefDual</name>
          <state>0</state>
        </option>
        <option>
          <name>AProcessor</name>
          <state>1</state>
        </option>
        <option>
          <name>AFpuProcessor</name>
          <state>1</state>
        </option>
        <option>
          <name>AOutputFile</name>
          <state>$FILE_BNAME$.o</state>
        </option>
        <option>
          <name>AMultibyteSupport</name>
          <state>0</state>
        </option>
        <option>
          <name>ALimitErrorsCheck</name>
          <state>0</state>
        </option>
        <option>
          <name>ALimitErrorsEdit</name>
          <state>100</state>
        </option>
        <option>
          <name>AIgnoreStdInclude</name>
          <state>1</state>
        </option>
        <option>
          <name>AStdIncludes</name>
          <state>$TOOLKIT_DIR$\INC\</state>
        </option>
        <option>
          <name>AUserIncludes</name>
          <state />
        </option>
        <option>
          <name>AExtraOptionsCheckV2</name>
          <state>0</state>
        </option>
        <option>
          <name>AExtraOptionsV2</name>
          <state />
        </option>
      </data>
    </settings>
    <settings>
      <name>OBJCOPY</name>
      <archiveVersion>0</archiveVersion>
      <data>
        <version>1</version>
        <wantNonLocal>1</wantNonLocal>
        <debug>1</debug>
        <option>
          <name>OOCOutputFormat</name>
          <version>2</version>
          <state>0</state>
        </option>
        <option>
          <name>OCOutputOverride</name>
          <state>0</state>
        </option>
        <option>
          <name>OOCOutputFile</name>
          <state>MyWirelessApp Demo Non Beacon (End Device).srec</state>
        </option>
        <option>
          <name>OOCCommandLineProducer</name>
          <state>1</state>
        </option>
        <option>
          <name>OOCObjCopyEnable</name>
          <state>0</state>
        </option>
      </data>
    </settings>
    <settings>
      <name>CUSTOM</name>
      <archiveVersion>3</archiveVersion>
      <data>
        <extensions />
        <cmdline />
      </data>
    </settings>
    <settings>
      <name>BICOMP</name>
      <archiveVersion>0</archiveVersion>
      <data />
    </settings>
    <settings>
      <name>BUILDACTION</name>
      <archiveVersion>1</archiveVersion>
      <data>
        <prebuild />
        <postbuild>$TOOLKIT_DIR$\bin\ielftool "$PROJ_DIR$\debug\exe\MyWirelessApp Demo Non Beacon (End Device).out" "$PROJ_DIR$\debug\exe\MyWirelessApp Demo Non Beacon (End Device).bin" --bin --silent</postbuild>
      </data>
    </settings>
    <settings>
      <name>ILINK</name>
      <archiveVersion>0</archiveVersion>
      <data>
        <version>5</version>
        <wantNonLocal>1</wantNonLocal>
        <debug>1</debug>
        <option>
          <name>IlinkNXPLPCChecksum</name>
          <state>0</state>
        </option>
        <option>
          <name>DoFill</name>
          <state>0</state>
        </option>
        <option>
          <name>FillerByte</name>
          <state>0xFF</state>
        </option>
        <option>
          <name>FillerStart</name>
          <state>0x0</state>
        </option>
        <option>
          <name>FillerEnd</name>
          <state>0x0</state>
        </option>
        <option>
          <name>CrcSize</name>
          <version>0</version>
          <state>1</state>
        </option>
        <option>
          <name>CrcAlign</name>
          <state>1</state>
        </option>
        <option>
          <name>CrcAlgo</name>
          <state>1</state>
        </option>
        <option>
          <name>CrcPoly</name>
          <state>0x11021</state>
        </option>
        <option>
          <name>CrcCompl</name>
          <version>0</version>
          <state>0</state>
        </option>
        <option>
          <name>CrcBitOrder</name>
          <version>0</version>
          <state>0</state>
        </option>
        <option>
          <name>CrcInitialValue</name>
          <state>0x0</state>
        </option>
        <option>
          <name>DoCrc</name>
          <state>0</state>
        </option>
        <option>
          <name>IlinkOutputFile</name>
          <state>MyWirelessApp Demo Non Beacon (End Device).out</state>
        </option>
        <option>
          <name>IlinkLibIOConfig</name>
          <state>1</state>
        </option>
        <option>
          <name>XLinkMisraHandler</name>
          <state>0</state>
        </option>
        <option>
          <name>IlinkInputFileSlave</name>
          <state>0</state>
        </option>
        <option>
          <name>IlinkDebugInfoEnable</name>
          <state>1</state>
        </option>
        <option>
          <name>IlinkKeepSymbols</name>
          <state />
        </option>
        <option>
          <name>IlinkRawBinaryFile</name>
          <state />
        </option>
        <option>
          <name>IlinkRawBinarySymbol</name>
          <state />
        </option>
        <option>
          <name>IlinkRawBinarySegment</name>
          <state />
        </option>
        <option>
          <name>IlinkRawBinaryAlign</name>
          <state />
        </option>
        <option>
          <name>IlinkDefines</name>
          <state />
        </option>
        <option>
          <name>IlinkConfigDefines</name>
          <state />
        </option>
        <option>
          <name>IlinkMapFile</name>
          <state>1</state>
        </option>
        <option>
          <name>IlinkLogFile</name>
          <state>1</state>
        </option>
        <option>
          <name>IlinkLogInitialization</name>
          <state>1</state>
        </option>
        <option>
          <name>IlinkLogModule</name>
          <state>1</state>
        </option>
        <option>
          <name>IlinkLogSection</name>
          <state>1</state>
        </option>
        <option>
          <name>IlinkLogVeneer</name>
          <state>1</state>
        </option>
        <option>
          <name>IlinkIcfOverride</name>
          <state>1</state>
        </option>
        <option>
          <name>IlinkIcfFile</name>
          <state>$PROJ_DIR$\PLM\Icf\MC13224\MC1322x-RAM-ROM.icf</state>
        </option>
        <option>
          <name>IlinkIcfFileSlave</name>
          <state />
        </option>
        <option>
          <name>IlinkEnableRemarks</name>
          <state>0</state>
        </option>
        <option>
          <name>IlinkSuppressDiags</name>
          <state>Lt010,Lt018</state>
        </option>
        <option>
          <name>IlinkTreatAsRem</name>
          <state />
        </option>
        <option>
          <name>IlinkTreatAsWarn</name>
          <state />
        </option>
        <option>
          <name>IlinkTreatAsErr</name>
          <state />
        </option>
        <option>
          <name>IlinkWarningsAreErrors</name>
          <state>0</state>
        </option>
        <option>
          <name>IlinkUseExtraOptions</name>
          <state>0</state>
        </option>
        <option>
          <name>IlinkExtraOptions</name>
          <state />
        </option>
        <option>
          <name>IlinkLowLevelInterfaceSlave</name>
          <state>1</state>
        </option>
        <option>
          <name>IlinkAutoLibEnable</name>
          <state>1</state>
        </option>
        <option>
          <name>IlinkAdditionalLibs</name>
          <state />
        </option>
        <option>
          <name>IlinkOverrideProgramEntryLabel</name>
          <state>1</state>
        </option>
        <option>
          <name>IlinkProgramEntryLabelSelect</name>
          <state>0</state>
        </option>
        <option>
          <name>IlinkProgramEntryLabel</name>
          <state>_start_vector_</state>
        </option>
        <option>
          <name>IlinkBE8Slave</name>
          <state>1</state>
        </option>
        <option>
          <name>IlinkBufferedTerminalOutput</name>
          <state>1</state>
        </option>
      </data>
    </settings>
    <settings>
      <name>IARCHIVE</name>
      <archiveVersion>0</archiveVersion>
      <data>
        <version>0</version>
        <wantNonLocal>1</wantNonLocal>
        <debug>1</debug>
        <option>
          <name>IarchiveInputs</name>
          <state />
        </option>
        <option>
          <name>IarchiveOverride</name>
          <state>0</state>
        </option>
        <option>
          <name>IarchiveOutput</name>
          <state>###Unitialized###</state>
        </option>
      </data>
    </settings>
    <settings>
      <name>BILINK</name>
      <archiveVersion>0</archiveVersion>
      <data />
    </settings>
  </configuration>
  <configuration>
    <name>Release</name>
    <toolchain>
      <name>ARM</name>
    </toolchain>
    <debug>0</debug>
    <settings>
      <name>General</name>
      <archiveVersion>3</archiveVersion>
      <data>
        <version>17</version>
        <wantNonLocal>1</wantNonLocal>
        <debug>0</debug>
        <option>
          <name>ExePath</name>
          <state>Release\Exe</state>
        </option>
        <option>
          <name>ObjPath</name>
          <state>Release\Obj</state>
        </option>
        <option>
          <name>ListPath</name>
          <state>Release\List</state>
        </option>
        <option>
          <name>Variant</name>
          <version>11</version>
          <state>1</state>
        </option>
        <option>
          <name>GEndianMode</name>
          <state>0</state>
        </option>
        <option>
          <name>Input variant</name>
          <version>1</version>
          <state>3</state>
        </option>
        <option>
          <name>Input description</name>
          <state>No specifier n, no float nor long long, no scan set, no assignment suppressing.</state>
        </option>
        <option>
          <name>Output variant</name>
          <version>0</version>
          <state>3</state>
        </option>
        <option>
          <name>Output description</name>
          <state>No specifier a, A, no specifier n, no float nor long long, no flags.</state>
        </option>
        <option>
          <name>GOutputBinary</name>
          <state>0</state>
        </option>
        <option>
          <name>FPU</name>
          <version>0</version>
          <state>0</state>
        </option>
        <option>
          <name>OGCoreOrChip</name>
          <state>0</state>
        </option>
        <option>
          <name>GRuntimeLibSelect</name>
          <version>0</version>
          <state>1</state>
        </option>
        <option>
          <name>GRuntimeLibSelectSlave</name>
          <version>0</version>
          <state>1</state>
        </option>
        <option>
          <name>RTDescription</name>
          <state>Use the normal configuration of the C/C++ runtime library. No locale interface, C locale, no file descriptor support, no multibytes in printf and scanf, and no hex floats in strtod.</state>
        </option>
        <option>
          <name>RTConfigPath</name>
          <state>$TOOLKIT_DIR$\INC\DLib_Config_Normal.h</state>
        </option>
        <option>
          <name>OGProductVersion</name>
          <state>5.10.5.376</state>
        </option>
        <option>
          <name>OGLastSavedByProductVersion</name>
          <state>5.11.0.50615</state>
        </option>
        <option>
          <name>GeneralEnableMisra</name>
          <state>0</state>
        </option>
        <option>
          <name>GeneralMisraVerbose</name>
          <state>0</state>
        </option>
        <option>
          <name>OGChipSelectEditMenu</name>
          <state>MC1322x	Freescale MC1322x</state>
        </option>
        <option>
          <name>GenLowLevelInterface</name>
          <state>0</state>
        </option>
        <option>
          <name>GEndianModeBE</name>
          <state>0</state>
        </option>
        <option>
          <name>OGBufferedTerminalOutput</name>
          <state>0</state>
        </option>
        <option>
          <name>GenStdoutInterface</name>
          <state>0</state>
        </option>
        <option>
          <name>GeneralMisraRules98</name>
          <version>0</version>
          <state>1000111110110101101110011100111111101110011011000101110111101101100111111111111100110011111001110111001111111111111111111111111</state>
        </option>
        <option>
          <name>GeneralMisraVer</name>
          <state>0</state>
        </option>
        <option>
          <name>GeneralMisraRules04</name>
          <version>0</version>
          <state>111101110010111111111000110111111111111111111111111110010111101111010101111111111111111111111111101111111011111001111011111011111111111111111</state>
        </option>
      </data>
    </settings>
    <settings>
      <name>ICCARM</name>
      <archiveVersion>2</archiveVersion>
      <data>
        <version>21</version>
        <wantNonLocal>0</wantNonLocal>
        <debug>0</debug>
        <option>
          <name>CCDefines</name>
          <state>NDEBUG</state>
          <state>gMacStandAlone_d=1</state>
          <state>gSAPMessagesEnableLlc_d=0</state>
          <state>gZtcIncluded_d=0</state>
          <state>gTargetMC1322xSRB=1</state>
          <state />
        </option>
        <option>
          <name>CCPreprocFile</name>
          <state>1</state>
        </option>
        <option>
          <name>CCPreprocComments</name>
          <state>1</state>
        </option>
        <option>
          <name>CCPreprocLine</name>
          <state>0</state>
        </option>
        <option>
          <name>CCListCFile</name>
          <state>1</state>
        </option>
        <option>
          <name>CCListCMnemonics</name>
          <state>1</state>
        </option>
        <option>
          <name>CCListCMessages</name>
          <state>1</state>
        </option>
        <option>
          <name>CCListAssFile</name>
          <state>1</state>
        </option>
        <option>
          <name>CCListAssSource</name>
          <state>1</state>
        </option>
        <option>
          <name>CCEnableRemarks</name>
          <state>0</state>
        </option>
        <option>
          <name>CCDiagSuppress</name>
          <state>Pe014,Pe001,Pe991,Pa039,Pe520</state>
        </option>
        <option>
          <name>CCDiagRemark</name>
          <state />
        </option>
        <option>
          <name>CCDiagWarning</name>
          <state />
        </option>
        <option>
          <name>CCDiagError</name>
          <state />
        </option>
        <option>
          <name>CCObjPrefix</name>
          <state>1</state>
        </option>
        <option>
          <name>CCAllowList</name>
          <version>1</version>
          <state>0000000</state>
        </option>
        <option>
          <name>CCDebugInfo</name>
          <state>0</state>
        </option>
        <option>
          <name>IEndianMode</name>
          <state>1</state>
        </option>
        <option>
          <name>IProcessor</name>
          <state>1</state>
        </option>
        <option>
          <name>IExtraOptionsCheck</name>
          <state>0</state>
        </option>
        <option>
          <name>IExtraOptions</name>
          <state />
        </option>
        <option>
          <name>CCLangConformance</name>
          <state>1</state>
        </option>
        <option>
          <name>CCSignedPlainChar</name>
          <state>1</state>
        </option>
        <option>
          <name>CCRequirePrototypes</name>
          <state>0</state>
        </option>
        <option>
          <name>CCMultibyteSupport</name>
          <state>0</state>
        </option>
        <option>
          <name>CCDiagWarnAreErr</name>
          <state>0</state>
        </option>
        <option>
          <name>CCCompilerRuntimeInfo</name>
          <state>0</state>
        </option>
        <option>
          <name>IFpuProcessor</name>
          <state>1</state>
        </option>
        <option>
          <name>OutputFile</name>
          <state>$FILE_BNAME$.o</state>
        </option>
        <option>
          <name>CCLangSelect</name>
          <state>0</state>
        </option>
        <option>
          <name>CCLibConfigHeader</name>
          <state>1</state>
        </option>
        <option>
          <name>PreInclude</name>
          <state />
        </option>
        <option>
          <name>CompilerMisraOverride</name>
          <state>0</state>
        </option>
        <option>
          <name>CCIncludePath2</name>
          <state>$PROJ_DIR$\MacPhy\Interface\</state>
          <state>$PROJ_DIR$\Application\Init\</state>
          <state>$PROJ_DIR$\Application\Interface\</state>
          <state>$PROJ_DIR$\Application\Configure\</state>
          <state>$PROJ_DIR$\Application\UartUtil\</state>
          <state>$PROJ_DIR$\Application\Source\</state>
          <state>$PROJ_DIR$\SSM\TS\Interface\</state>
          <state>$PROJ_DIR$\SSM\TS\Source\</state>
          <state>$PROJ_DIR$\SSM\ZTC\Interface\</state>
          <state>$PROJ_DIR$\SSM\ZTC\Source\</state>
          <state>$PROJ_DIR$\PLM\Interface\</state>
          <state>$PROJ_DIR$\PLM\LibInterface\</state>
          <state>$PROJ_DIR$\PLM\Source\Display\</state>
          <state>$PROJ_DIR$\PLM\Source\Keyboard\</state>
          <state>$PROJ_DIR$\PLM\Source\NVM\</state>
          <state>$PROJ_DIR$\PLM\Source\TMR\</state>
          <state>$PROJ_DIR$\PLM\Source\UART\</state>
        </option>
        <option>
          <name>CCStdIncCheck</name>
          <state>0</state>
        </option>
        <option>
          <name>CCStdIncludePath</name>
          <state>$TOOLKIT_DIR$\INC\</state>
        </option>
        <option>
          <name>CCCodeSection</name>
          <state>.text</state>
        </option>
        <option>
          <name>IInterwork2</name>
          <state>1</state>
        </option>
        <option>
          <name>IProcessorMode2</name>
          <state>1</state>
        </option>
        <option>
          <name>CCOptLevel</name>
          <state>0</state>
        </option>
        <option>
          <name>CCOptStrategy</name>
          <version>0</version>
          <state>1</state>
        </option>
        <option>
          <name>CCOptLevelSlave</name>
          <state>0</state>
        </option>
        <option>
          <name>CompilerMisraRules98</name>
          <version>0</version>
          <state>1000111110110101101110011100111111101110011011000101110111101101100111111111111100110011111001110111001111111111111111111111111</state>
        </option>
        <option>
          <name>CompilerMisraRules04</name>
          <version>0</version>
          <state>111101110010111111111000110111111111111111111111111110010111101111010101111111111111111111111111101111111011111001111011111011111111111111111</state>
        </option>
      </data>
    </settings>
    <settings>
      <name>AARM</name>
      <archiveVersion>2</archiveVersion>
      <data>
        <version>7</version>
        <wantNonLocal>1</wantNonLocal>
        <debug>0</debug>
        <option>
          <name>AObjPrefix</name>
          <state>1</state>
        </option>
        <option>
          <name>AEndian</name>
          <state>1</state>
        </option>
        <option>
          <name>ACaseSensitivity</name>
          <state>1</state>
        </option>
        <option>
          <name>MacroChars</name>
          <version>0</version>
          <state>0</state>
        </option>
        <option>
          <name>AWarnEnable</name>
          <state>0</state>
        </option>
        <option>
          <name>AWarnWhat</name>
          <state>0</state>
        </option>
        <option>
          <name>AWarnOne</name>
          <state />
        </option>
        <option>
          <name>AWarnRange1</name>
          <state />
        </option>
        <option>
          <name>AWarnRange2</name>
          <state />
        </option>
        <option>
          <name>ADebug</name>
          <state>0</state>
        </option>
        <option>
          <name>AltRegisterNames</name>
          <state>0</state>
        </option>
        <option>
          <name>ADefines</name>
          <state>USE_INTERRUPTS</state>
          <state>USE_EXCEPTIONS</state>
        </option>
        <option>
          <name>AList</name>
          <state>1</state>
        </option>
        <option>
          <name>AListHeader</name>
          <state>1</state>
        </option>
        <option>
          <name>AListing</name>
          <state>1</state>
        </option>
        <option>
          <name>Includes</name>
          <state>1</state>
        </option>
        <option>
          <name>MacDefs</name>
          <state>1</state>
        </option>
        <option>
          <name>MacExps</name>
          <state>1</state>
        </option>
        <option>
          <name>MacExec</name>
          <state>1</state>
        </option>
        <option>
          <name>OnlyAssed</name>
          <state>1</state>
        </option>
        <option>
          <name>MultiLine</name>
          <state>1</state>
        </option>
        <option>
          <name>PageLengthCheck</name>
          <state>0</state>
        </option>
        <option>
          <name>PageLength</name>
          <state>80</state>
        </option>
        <option>
          <name>TabSpacing</name>
          <state>8</state>
        </option>
        <option>
          <name>AXRef</name>
          <state>0</state>
        </option>
        <option>
          <name>AXRefDefines</name>
          <state>0</state>
        </option>
        <option>
          <name>AXRefInternal</name>
          <state>0</state>
        </option>
        <option>
          <name>AXRefDual</name>
          <state>0</state>
        </option>
        <option>
          <name>AProcessor</name>
          <state>1</state>
        </option>
        <option>
          <name>AFpuProcessor</name>
          <state>1</state>
        </option>
        <option>
          <name>AOutputFile</name>
          <state>$FILE_BNAME$.o</state>
        </option>
        <option>
          <name>AMultibyteSupport</name>
          <state>0</state>
        </option>
        <option>
          <name>ALimitErrorsCheck</name>
          <state>0</state>
        </option>
        <option>
          <name>ALimitErrorsEdit</name>
          <state>100</state>
        </option>
        <option>
          <name>AIgnoreStdInclude</name>
          <state>1</state>
        </option>
        <option>
          <name>AStdIncludes</name>
          <state>$TOOLKIT_DIR$\INC\</state>
        </option>
        <option>
          <name>AUserIncludes</name>
          <state />
        </option>
        <option>
          <name>AExtraOptionsCheckV2</name>
          <state>0</state>
        </option>
        <option>
          <name>AExtraOptionsV2</name>
          <state />
        </option>
      </data>
    </settings>
    <settings>
      <name>OBJCOPY</name>
      <archiveVersion>0</archiveVersion>
      <data>
        <version>1</version>
        <wantNonLocal>1</wantNonLocal>
        <debug>0</debug>
        <option>
          <name>OOCOutputFormat</name>
          <version>1</version>
          <state>0</state>
        </option>
        <option>
          <name>OCOutputOverride</name>
          <state>0</state>
        </option>
        <option>
          <name>OOCOutputFile</name>
          <state>MyWirelessApp Demo Non Beacon (End Device).srec</state>
        </option>
        <option>
          <name>OOCCommandLineProducer</name>
          <state>1</state>
        </option>
        <option>
          <name>OOCObjCopyEnable</name>
          <state>1</state>
        </option>
      </data>
    </settings>
    <settings>
      <name>CUSTOM</name>
      <archiveVersion>3</archiveVersion>
      <data>
        <extensions />
        <cmdline />
      </data>
    </settings>
    <settings>
      <name>BICOMP</name>
      <archiveVersion>0</archiveVersion>
      <data />
    </settings>
    <settings>
      <name>BUILDACTION</name>
      <archiveVersion>1</archiveVersion>
      <data>
        <prebuild />
        <postbuild>$TOOLKIT_DIR$\bin\ielftool "$PROJ_DIR$\release\exe\MyWirelessApp Demo Non Beacon (End Device).out" "$PROJ_DIR$\release\exe\MyWirelessApp Demo Non Beacon (End Device).bin"  --bin --silent</postbuild>
      </data>
    </settings>
    <settings>
      <name>ILINK</name>
      <archiveVersion>0</archiveVersion>
      <data>
        <version>5</version>
        <wantNonLocal>1</wantNonLocal>
        <debug>0</debug>
        <option>
          <name>IlinkNXPLPCChecksum</name>
          <state>0</state>
        </option>
        <option>
          <name>DoFill</name>
          <state>0</state>
        </option>
        <option>
          <name>FillerByte</name>
          <state>0xFF</state>
        </option>
        <option>
          <name>FillerStart</name>
          <state>0x0</state>
        </option>
        <option>
          <name>FillerEnd</name>
          <state>0x0</state>
        </option>
        <option>
          <name>CrcSize</name>
          <version>0</version>
          <state>1</state>
        </option>
        <option>
          <name>CrcAlign</name>
          <state>1</state>
        </option>
        <option>
          <name>CrcAlgo</name>
          <state>1</state>
        </option>
        <option>
          <name>CrcPoly</name>
          <state>0x11021</state>
        </option>
        <option>
          <name>CrcCompl</name>
          <version>0</version>
          <state>0</state>
        </option>
        <option>
          <name>CrcBitOrder</name>
          <version>0</version>
          <state>0</state>
        </option>
        <option>
          <name>CrcInitialValue</name>
          <state>0x0</state>
        </option>
        <option>
          <name>DoCrc</name>
          <state>0</state>
        </option>
        <option>
          <name>IlinkOutputFile</name>
          <state>MyWirelessApp Demo Non Beacon (End Device).out</state>
        </option>
        <option>
          <name>IlinkLibIOConfig</name>
          <state>1</state>
        </option>
        <option>
          <name>XLinkMisraHandler</name>
          <state>0</state>
        </option>
        <option>
          <name>IlinkInputFileSlave</name>
          <state>0</state>
        </option>
        <option>
          <name>IlinkDebugInfoEnable</name>
          <state>0</state>
        </option>
        <option>
          <name>IlinkKeepSymbols</name>
          <state />
        </option>
        <option>
          <name>IlinkRawBinaryFile</name>
          <state />
        </option>
        <option>
          <name>IlinkRawBinarySymbol</name>
          <state />
        </option>
        <option>
          <name>IlinkRawBinarySegment</name>
          <state />
        </option>
        <option>
          <name>IlinkRawBinaryAlign</name>
          <state />
        </option>
        <option>
          <name>IlinkDefines</name>
          <state />
        </option>
        <option>
          <name>IlinkConfigDefines</name>
          <state />
        </option>
        <option>
          <name>IlinkMapFile</name>
          <state>1</state>
        </option>
        <option>
          <name>IlinkLogFile</name>
          <state>1</state>
        </option>
        <option>
          <name>IlinkLogInitialization</name>
          <state>1</state>
        </option>
        <option>
          <name>IlinkLogModule</name>
          <state>1</state>
        </option>
        <option>
          <name>IlinkLogSection</name>
          <state>1</state>
        </option>
        <option>
          <name>IlinkLogVeneer</name>
          <state>1</state>
        </option>
        <option>
          <name>IlinkIcfOverride</name>
          <state>1</state>
        </option>
        <option>
          <name>IlinkIcfFile</name>
          <state>$PROJ_DIR$\PLM\Icf\MC13224\MC1322x-RAM-ROM.icf</state>
        </option>
        <option>
          <name>IlinkIcfFileSlave</name>
          <state />
        </option>
        <option>
          <name>IlinkEnableRemarks</name>
          <state>0</state>
        </option>
        <option>
          <name>IlinkSuppressDiags</name>
          <state>Lt010,Lt018</state>
        </option>
        <option>
          <name>IlinkTreatAsRem</name>
          <state />
        </option>
        <option>
          <name>IlinkTreatAsWarn</name>
          <state />
        </option>
        <option>
          <name>IlinkTreatAsErr</name>
          <state />
        </option>
        <option>
          <name>IlinkWarningsAreErrors</name>
          <state>0</state>
        </option>
        <option>
          <name>IlinkUseExtraOptions</name>
          <state>0</state>
        </option>
        <option>
          <name>IlinkExtraOptions</name>
          <state />
        </option>
        <option>
          <name>IlinkLowLevelInterfaceSlave</name>
          <state>1</state>
        </option>
        <option>
          <name>IlinkAutoLibEnable</name>
          <state>1</state>
        </option>
        <option>
          <name>IlinkAdditionalLibs</name>
          <state />
        </option>
        <option>
          <name>IlinkOverrideProgramEntryLabel</name>
          <state>1</state>
        </option>
        <option>
          <name>IlinkProgramEntryLabelSelect</name>
          <state>0</state>
        </option>
        <option>
          <name>IlinkProgramEntryLabel</name>
          <state>_start_vector_</state>
        </option>
        <option>
          <name>IlinkBE8Slave</name>
          <state>1</state>
        </option>
        <option>
          <name>IlinkBufferedTerminalOutput</name>
          <state>1</state>
        </option>
      </data>
    </settings>
    <settings>
      <name>IARCHIVE</name>
      <archiveVersion>0</archiveVersion>
      <data>
        <version>0</version>
        <wantNonLocal>1</wantNonLocal>
        <debug>0</debug>
        <option>
          <name>IarchiveInputs</name>
          <state />
        </option>
        <option>
          <name>IarchiveOverride</name>
          <state>0</state>
        </option>
        <option>
          <name>IarchiveOutput</name>
          <state>###Unitialized###</state>
        </option>
      </data>
    </settings>
    <settings>
      <name>BILINK</name>
      <archiveVersion>0</archiveVersion>
      <data />
    </settings>
  </configuration>
  <group>
    <name>MacPhy</name>
    <group>
      <name>Interface</name>
      <file>
        <name>$PROJ_DIR$\MacPhy\Interface\AppAspInterface.h</name>
      </file>
      <file>
        <name>$PROJ_DIR$\MacPhy\Interface\AppMacInterrupt.h</name>
      </file>
      <file>
        <name>$PROJ_DIR$\MacPhy\Interface\FunctionalityDefines.h</name>
      </file>
      <file>
        <name>$PROJ_DIR$\MacPhy\Interface\FunctionLib.h</name>
      </file>
      <file>
        <name>$PROJ_DIR$\MacPhy\Interface\MacPhy.h</name>
      </file>
      <file>
        <name>$PROJ_DIR$\MacPhy\Interface\MacPhyFLib.h</name>
      </file>
      <file>
        <name>$PROJ_DIR$\MacPhy\Interface\MacPhyGlobalHdr.h</name>
      </file>
      <file>
        <name>$PROJ_DIR$\MacPhy\Interface\MacPhyInit.h</name>
      </file>
      <file>
        <name>$PROJ_DIR$\MacPhy\Interface\MsgSystem.h</name>
      </file>
      <file>
        <name>$PROJ_DIR$\MacPhy\Interface\MsgSystemDbg.h</name>
      </file>
      <file>
        <name>$PROJ_DIR$\MacPhy\Interface\NwkMacInterface.h</name>
      </file>
      <file>
        <name>$PROJ_DIR$\MacPhy\Interface\PhyMacMsg.h</name>
      </file>
      <file>
        <name>$PROJ_DIR$\MacPhy\Interface\PublicConst.h</name>
      </file>
      <file>
        <name>$PROJ_DIR$\MacPhy\Interface\SecurityLib.h</name>
      </file>
      <file>
        <name>$PROJ_DIR$\MacPhy\Interface\Telec.h</name>
      </file>
    </group>
    <group>
      <name>Libs</name>
      <file>
        <name>$PROJ_DIR$\MacPhy\Libs\MACPHY_MC13224.a</name>
      </file>
    </group>
  </group>
  <group>
    <name>Application</name>
    <group>
      <name>Init</name>
      <file>
        <name>$PROJ_DIR$\Application\Init\MApp_init.c</name>
      </file>
      <file>
        <name>$PROJ_DIR$\Application\Init\MApp_init.h</name>
      </file>
      <file>
        <name>$PROJ_DIR$\Application\Init\MacInit.c</name>
      </file>
      <file>
        <name>$PROJ_DIR$\Application\Init\MacInit.h</name>
      </file>
    </group>
    <group>
      <name>Interface</name>
      <file>
        <name>$PROJ_DIR$\Application\Interface\802_15_4.h</name>
      </file>
      <file>
        <name>$PROJ_DIR$\Application\Interface\BeeCommon.h</name>
      </file>
      <file>
        <name>$PROJ_DIR$\Application\Interface\Mac_Globals.h</name>
      </file>
      <file>
        <name>$PROJ_DIR$\Application\Interface\MacTaskTbl.h</name>
      </file>
    </group>
    <group>
      <name>Configure</name>
      <file>
        <name>$PROJ_DIR$\Application\Configure\GlobalVars.c</name>
      </file>
      <file>
        <name>$PROJ_DIR$\Application\Configure\ApplicationConf.h</name>
      </file>
      <file>
        <name>$PROJ_DIR$\Application\Configure\getSP.s</name>
      </file>
      <file>
        <name>$PROJ_DIR$\Application\Configure\AppToMacPhyConfig.h</name>
      </file>
      <file>
        <name>$PROJ_DIR$\Application\Configure\AppToPlatformConfig.h</name>
      </file>
    </group>
    <group>
      <name>UartUtil</name>
      <file>
        <name>$PROJ_DIR$\Application\UartUtil\UartUtil.c</name>
      </file>
      <file>
        <name>$PROJ_DIR$\Application\UartUtil\UartUtil.h</name>
      </file>
    </group>
    <group>
      <name>Source</name>
      <file>
        <name>$PROJ_DIR$\Application\Source\MApp.c</name>
      </file>
      <file>
        <name>$PROJ_DIR$\Application\Source\MApp.h</name>
      </file>
    </group>
  </group>
  <group>
    <name>SSM</name>
    <group>
      <name>TS</name>
      <group>
        <name>Interface</name>
        <file>
          <name>$PROJ_DIR$\SSM\TS\Interface\TS_Interface.h</name>
        </file>
      </group>
      <group>
        <name>Source</name>
        <file>
          <name>$PROJ_DIR$\SSM\TS\Source\TS_kernel.h</name>
        </file>
        <file>
          <name>$PROJ_DIR$\SSM\TS\Source\TS_kernel.c</name>
        </file>
      </group>
    </group>
    <group>
      <name>ZTC</name>
      <group>
        <name>Interface</name>
        <file>
          <name>$PROJ_DIR$\SSM\ZTC\Interface\aspZtc.h</name>
        </file>
        <file>
          <name>$PROJ_DIR$\SSM\ZTC\Interface\LlcZtc.h</name>
        </file>
        <file>
          <name>$PROJ_DIR$\SSM\ZTC\Interface\ZTCInterface.h</name>
        </file>
      </group>
      <group>
        <name>Source</name>
        <file>
          <name>$PROJ_DIR$\SSM\ZTC\Source\ZtcClientCommunication.c</name>
        </file>
        <file>
          <name>$PROJ_DIR$\SSM\ZTC\Source\ZtcClientCommunication.h</name>
        </file>
        <file>
          <name>$PROJ_DIR$\SSM\ZTC\Source\ZtcCopyData.c</name>
        </file>
        <file>
          <name>$PROJ_DIR$\SSM\ZTC\Source\ZtcCopyData.h</name>
        </file>
        <file>
          <name>$PROJ_DIR$\SSM\ZTC\Source\ZtcCopyDataTbl.h</name>
        </file>
        <file>
          <name>$PROJ_DIR$\SSM\ZTC\Source\ZtcIBManagement.c</name>
        </file>
        <file>
          <name>$PROJ_DIR$\SSM\ZTC\Source\ZtcIBManagement.h</name>
        </file>
        <file>
          <name>$PROJ_DIR$\SSM\ZTC\Source\ZtcMacPIB.h</name>
        </file>
        <file>
          <name>$PROJ_DIR$\SSM\ZTC\Source\ZtcMain.c</name>
        </file>
        <file>
          <name>$PROJ_DIR$\SSM\ZTC\Source\ZtcMsgTypeInfo.c</name>
        </file>
        <file>
          <name>$PROJ_DIR$\SSM\ZTC\Source\ZtcMsgTypeInfo.h</name>
        </file>
        <file>
          <name>$PROJ_DIR$\SSM\ZTC\Source\ZtcMsgTypeInfoTbl.h</name>
        </file>
        <file>
          <name>$PROJ_DIR$\SSM\ZTC\Source\ZtcPrivate.h</name>
        </file>
        <file>
          <name>$PROJ_DIR$\SSM\ZTC\Source\ZtcSAPHandlerInfo.c</name>
        </file>
        <file>
          <name>$PROJ_DIR$\SSM\ZTC\Source\ZtcSAPHandlerInfo.h</name>
        </file>
        <file>
          <name>$PROJ_DIR$\SSM\ZTC\Source\ZtcSAPHandlerInfoTbl.h</name>
        </file>
      </group>
    </group>
  </group>
  <group>
    <name>PLM</name>
    <group>
      <name>Interface</name>
      <file>
        <name>$PROJ_DIR$\PLM\Interface\Debug.h</name>
      </file>
      <file>
        <name>$PROJ_DIR$\PLM\Interface\Delay.h</name>
      </file>
      <file>
        <name>$PROJ_DIR$\PLM\Interface\Display.h</name>
      </file>
      <file>
        <name>$PROJ_DIR$\PLM\Interface\EmbeddedTypes.h</name>
      </file>
      <file>
        <name>$PROJ_DIR$\PLM\Interface\Keyboard.h</name>
      </file>
      <file>
        <name>$PROJ_DIR$\PLM\Interface\Led.h</name>
      </file>
      <file>
        <name>$PROJ_DIR$\PLM\Interface\Led_MC1322x.h</name>
      </file>
      <file>
        <name>$PROJ_DIR$\PLM\Interface\Keyboard_MC1322x.h</name>
      </file>
      <file>
        <name>$PROJ_DIR$\PLM\Interface\PortConfig.h</name>
      </file>
      <file>
        <name>$PROJ_DIR$\PLM\Interface\MacPhyPlatformLib.h</name>
      </file>
      <file>
        <name>$PROJ_DIR$\PLM\Interface\NVM_Interface.h</name>
      </file>
      <file>
        <name>$PROJ_DIR$\PLM\Interface\NV_Data.h</name>
      </file>
      <file>
        <name>$PROJ_DIR$\PLM\Interface\PlatformInit.h</name>
      </file>
      <file>
        <name>$PROJ_DIR$\PLM\Interface\PlatformInterrupts.h</name>
      </file>
      <file>
        <name>$PROJ_DIR$\PLM\Interface\PlatformToMacPhyConfig.h</name>
      </file>
      <file>
        <name>$PROJ_DIR$\PLM\Interface\PowerManager.h</name>
      </file>
      <file>
        <name>$PROJ_DIR$\PLM\Interface\PWR_Configuration.h</name>
      </file>
      <file>
        <name>$PROJ_DIR$\PLM\Interface\PWR_Interface.h</name>
      </file>
      <file>
        <name>$PROJ_DIR$\PLM\Interface\Sound.h</name>
      </file>
      <file>
        <name>$PROJ_DIR$\PLM\Interface\TMR_Interface.h</name>
      </file>
      <file>
        <name>$PROJ_DIR$\PLM\Interface\LlcTest_Interface.h</name>
      </file>
      <file>
        <name>$PROJ_DIR$\PLM\Interface\UART_Interface.h</name>
      </file>
    </group>
    <group>
      <name>LibInterface</name>
      <file>
        <name>$PROJ_DIR$\PLM\LibInterface\ADC_Interface.h</name>
      </file>
      <file>
        <name>$PROJ_DIR$\PLM\LibInterface\ASM_Interface.h</name>
      </file>
      <file>
        <name>$PROJ_DIR$\PLM\LibInterface\CRM.h</name>
      </file>
      <file>
        <name>$PROJ_DIR$\PLM\LibInterface\CRM_Regs.h</name>
      </file>
      <file>
        <name>$PROJ_DIR$\PLM\LibInterface\GPIO_Interface.h</name>
      </file>
      <file>
        <name>$PROJ_DIR$\PLM\LibInterface\I2C_Interface.h</name>
      </file>
      <file>
        <name>$PROJ_DIR$\PLM\LibInterface\Init_Interface.h</name>
      </file>
      <file>
        <name>$PROJ_DIR$\PLM\LibInterface\Interrupt.h</name>
      </file>
      <file>
        <name>$PROJ_DIR$\PLM\LibInterface\ITC_Interface.h</name>
      </file>
      <file>
        <name>$PROJ_DIR$\PLM\LibInterface\NVM.h</name>
      </file>
      <file>
        <name>$PROJ_DIR$\PLM\LibInterface\Platform.h</name>
      </file>
      <file>
        <name>$PROJ_DIR$\PLM\LibInterface\ROM_Utils.h</name>
      </file>
      <file>
        <name>$PROJ_DIR$\PLM\LibInterface\SPI_Interface.h</name>
      </file>
      <file>
        <name>$PROJ_DIR$\PLM\LibInterface\Ssi_Interface.h</name>
      </file>
      <file>
        <name>$PROJ_DIR$\PLM\LibInterface\Ssi_Regs.h</name>
      </file>
      <file>
        <name>$PROJ_DIR$\PLM\LibInterface\Timer.h</name>
      </file>
      <file>
        <name>$PROJ_DIR$\PLM\LibInterface\UartLowLevel.h</name>
      </file>
    </group>
    <group>
      <name>Lib</name>
      <group>
        <name>LLC_ROM</name>
        <file>
          <name>$PROJ_DIR$\PLM\Lib\LLC_ROM\LLC_MC13224.a</name>
        </file>
      </group>
      <group>
        <name>LLC_RAM</name>
      </group>
    </group>
    <group>
      <name>Source</name>
      <group>
        <name>Common</name>
        <group>
          <name>Sys</name>
          <file>
            <name>$PROJ_DIR$\PLM\Source\Common\Sys\Init-IAR.S</name>
          </file>
          <file>
            <name>$PROJ_DIR$\PLM\Source\Common\Sys\NV_Data.c</name>
          </file>
          <file>
            <name>$PROJ_DIR$\PLM\Source\Common\Sys\PlatformInit.c</name>
          </file>
          <file>
            <name>$PROJ_DIR$\PLM\Source\Common\Sys\PlatformInterrupts.c</name>
          </file>
        </group>
        <group>
          <name>Utils</name>
          <file>
            <name>$PROJ_DIR$\PLM\Source\Common\Utils\Delay.c</name>
          </file>
        </group>
      </group>
      <group>
        <name>Display</name>
        <file>
          <name>$PROJ_DIR$\PLM\Source\Display\Display.c</name>
          <configuration>
            <name>Release</name>
            <settings>
              <name>ICCARM</name>
              <archiveVersion>2</archiveVersion>
              <data>
                <version>21</version>
                <wantNonLocal>0</wantNonLocal>
                <debug>0</debug>
                <option>
                  <name>CCDefines</name>
                  <state>NDEBUG</state>
                  <state>gMacStandAlone_d=1</state>
                  <state>gSAPMessagesEnableLlc_d=0</state>
                  <state>gZtcIncluded_d=0</state>
                  <state>gTargetMC1322xSRB=1</state>
                  <state />
                </option>
                <option>
                  <name>CCPreprocFile</name>
                  <state>1</state>
                </option>
                <option>
                  <name>CCPreprocComments</name>
                  <state>1</state>
                </option>
                <option>
                  <name>CCPreprocLine</name>
                  <state>0</state>
                </option>
                <option>
                  <name>CCListCFile</name>
                  <state>1</state>
                </option>
                <option>
                  <name>CCListCMnemonics</name>
                  <state>1</state>
                </option>
                <option>
                  <name>CCListCMessages</name>
                  <state>1</state>
                </option>
                <option>
                  <name>CCListAssFile</name>
                  <state>1</state>
                </option>
                <option>
                  <name>CCListAssSource</name>
                  <state>1</state>
                </option>
                <option>
                  <name>CCEnableRemarks</name>
                  <state>0</state>
                </option>
                <option>
                  <name>CCDiagSuppress</name>
                  <state>Pe014,Pe001,Pe991,Pa039</state>
                </option>
                <option>
                  <name>CCDiagRemark</name>
                  <state />
                </option>
                <option>
                  <name>CCDiagWarning</name>
                  <state />
                </option>
                <option>
                  <name>CCDiagError</name>
                  <state />
                </option>
                <option>
                  <name>CCObjPrefix</name>
                  <state>1</state>
                </option>
                <option>
                  <name>CCAllowList</name>
                  <version>1</version>
                  <state>0000000</state>
                </option>
                <option>
                  <name>CCDebugInfo</name>
                  <state>0</state>
                </option>
                <option>
                  <name>IEndianMode</name>
                  <state>1</state>
                </option>
                <option>
                  <name>IProcessor</name>
                  <state>1</state>
                </option>
                <option>
                  <name>IExtraOptionsCheck</name>
                  <state>0</state>
                </option>
                <option>
                  <name>IExtraOptions</name>
                  <state />
                </option>
                <option>
                  <name>CCLangConformance</name>
                  <state>1</state>
                </option>
                <option>
                  <name>CCSignedPlainChar</name>
                  <state>1</state>
                </option>
                <option>
                  <name>CCRequirePrototypes</name>
                  <state>0</state>
                </option>
                <option>
                  <name>CCMultibyteSupport</name>
                  <state>0</state>
                </option>
                <option>
                  <name>CCDiagWarnAreErr</name>
                  <state>0</state>
                </option>
                <option>
                  <name>CCCompilerRuntimeInfo</name>
                  <state>0</state>
                </option>
                <option>
                  <name>IFpuProcessor</name>
                  <state>1</state>
                </option>
                <option>
                  <name>OutputFile</name>
                  <state>$FILE_BNAME$.o</state>
                </option>
                <option>
                  <name>CCLangSelect</name>
                  <state>0</state>
                </option>
                <option>
                  <name>CCLibConfigHeader</name>
                  <state>1</state>
                </option>
                <option>
                  <name>PreInclude</name>
                  <state />
                </option>
                <option>
                  <name>CompilerMisraOverride</name>
                  <state>0</state>
                </option>
                <option>
                  <name>CCIncludePath2</name>
                  <state>$PROJ_DIR$\MacPhy\Interface\</state>
                  <state>$PROJ_DIR$\Application\Init\</state>
                  <state>$PROJ_DIR$\Application\Interface\</state>
                  <state>$PROJ_DIR$\Application\Configure\</state>
                  <state>$PROJ_DIR$\Application\UartUtil\</state>
                  <state>$PROJ_DIR$\Application\Source\</state>
                  <state>$PROJ_DIR$\SSM\TS\Interface\</state>
                  <state>$PROJ_DIR$\SSM\TS\Source\</state>
                  <state>$PROJ_DIR$\SSM\ZTC\Interface\</state>
                  <state>$PROJ_DIR$\SSM\ZTC\Source\</state>
                  <state>$PROJ_DIR$\PLM\Interface\</state>
                  <state>$PROJ_DIR$\PLM\LibInterface\</state>
                  <state>$PROJ_DIR$\PLM\Source\Display\</state>
                  <state>$PROJ_DIR$\PLM\Source\Keyboard\</state>
                  <state>$PROJ_DIR$\PLM\Source\NVM\</state>
                  <state>$PROJ_DIR$\PLM\Source\TMR\</state>
                  <state>$PROJ_DIR$\PLM\Source\UART\</state>
                </option>
                <option>
                  <name>CCStdIncCheck</name>
                  <state>0</state>
                </option>
                <option>
                  <name>CCStdIncludePath</name>
                  <state>$TOOLKIT_DIR$\INC\</state>
                </option>
                <option>
                  <name>CCCodeSection</name>
                  <state>.text</state>
                </option>
                <option>
                  <name>IInterwork2</name>
                  <state>1</state>
                </option>
                <option>
                  <name>IProcessorMode2</name>
                  <state>1</state>
                </option>
                <option>
                  <name>CCOptLevel</name>
                  <state>0</state>
                </option>
                <option>
                  <name>CCOptStrategy</name>
                  <version>0</version>
                  <state>1</state>
                </option>
                <option>
                  <name>CCOptLevelSlave</name>
                  <state>0</state>
                </option>
                <option>
                  <name>CompilerMisraRules98</name>
                  <version>0</version>
                  <state>1000111110110101101110011100111111101110011011000101110111101101100111111111111100110011111001110111001111111111111111111111111</state>
                </option>
                <option>
                  <name>CompilerMisraRules04</name>
                  <version>0</version>
                  <state>111101110010111111111000110111111111111111111111111110010111101111010101111111111111111111111111101111111011111001111011111011111111111111111</state>
                </option>
              </data>
            </settings>
          </configuration>
        </file>
        <file>
          <name>$PROJ_DIR$\PLM\Source\Display\LCD_Font.h</name>
        </file>
      </group>
      <group>
        <name>Keyboard</name>
        <file>
          <name>$PROJ_DIR$\PLM\Source\Keyboard\Keyboard.c</name>
        </file>
        <file>
          <name>$PROJ_DIR$\PLM\Source\Keyboard\KeyboardHAL.c</name>
        </file>
        <file>
          <name>$PROJ_DIR$\PLM\Source\Keyboard\KeyboardHAL.h</name>
        </file>
      </group>
      <group>
        <name>Led</name>
        <file>
          <name>$PROJ_DIR$\PLM\Source\Led\Led.c</name>
        </file>
      </group>
      <group>
        <name>LPM</name>
        <file>
          <name>$PROJ_DIR$\PLM\Source\LPM\PWR.c</name>
        </file>
      </group>
      <group>
        <name>NVM</name>
        <file>
          <name>$PROJ_DIR$\PLM\Source\NVM\NV_Flash.c</name>
        </file>
        <file>
          <name>$PROJ_DIR$\PLM\Source\NVM\NV_Flash.h</name>
        </file>
        <file>
          <name>$PROJ_DIR$\PLM\Source\NVM\NV_FlashHAL.c</name>
        </file>
        <file>
          <name>$PROJ_DIR$\PLM\Source\NVM\NV_FlashHAL.h</name>
        </file>
      </group>
      <group>
        <name>TMR</name>
        <file>
          <name>$PROJ_DIR$\PLM\Source\TMR\Timer.c</name>
        </file>
        <file>
          <name>$PROJ_DIR$\PLM\Source\TMR\TMR.h</name>
        </file>
      </group>
      <group>
        <name>UART</name>
        <file>
          <name>$PROJ_DIR$\PLM\Source\UART\Uart.c</name>
        </file>
        <file>
          <name>$PROJ_DIR$\PLM\Source\UART\Uart.h</name>
        </file>
      </group>
      <group>
        <name>Sound</name>
        <file>
          <name>$PROJ_DIR$\PLM\Source\Sound\Sound.c</name>
        </file>
      </group>
    </group>
    <group>
      <name>Icf</name>
      <group>
        <name>MC13224</name>
      </group>
      <group>
        <name>MC13226</name>
      </group>
    </group>
    <group>
      <name>FlashLoader</name>
    </group>
  </group>
</project>